RMSE,R2,Final_Train_Loss,Final_Val_Loss
0.2880933808461754,-0.005830235139162809,0.041290510445833206,0.04177560284733772
