RMSE,R2,Final_Train_Loss,Final_Val_Loss
0.8137128833221168,0.9992360514169876,7.19011116027832,1.2457396984100342
